district,count,mean_popn,sd_popn,median_popn
Luwero,146,487.1506849315069,757.8710866855988,263
Wakiso,11,1341.1818181818182,987.4382834569276,988
